alaves,Pellegrino,http://files.laliga.es/jugadores/201608/250x250_14173315pellegrino.jpg,6bc071f1-a863-4620-a60d-a7a169e70984
alaves,Pacheco,http://files.laliga.es/jugadores/201608/250x250_14171901pacheco.jpg,8faf58a5-4cad-4183-99ed-de460b0cba3d
alaves,A. Ortolá,http://files.laliga.es/jugadores/201608/250x250_21121935ortola.jpg,a29de6ff-f5d5-4763-924a-e43e533496d8
alaves,Aleksandar Pantić,http://files.laliga.es/jugadores/201608/250x250_21115103pantic.jpg,76b93782-5240-4481-87bf-306868acde26
alaves,Raúl García,http://files.laliga.es/jugadores/201608/250x250_14171901raul-garcia.jpg,08234108-09b2-4d63-9565-d6c554512ef7
alaves,Alexis,http://files.laliga.es/jugadores/201608/250x250_21105623alexis-ruano.jpg,ad6af00a-c493-46ec-9a3c-4712af97aa16
alaves,Laguardia,http://files.laliga.es/jugadores/201608/250x250_14171903laguardia.jpg,04f856c0-3697-4a4d-974f-ba5eb9feefa3
alaves,Theo Hernández,http://files.laliga.es/jugadores/201608/250x250_30110448theo-hernandez.jpg,a7fda625-bde5-46c0-9fa2-4c3a6d360c68
alaves,Kiko Femenía,http://files.laliga.es/jugadores/201608/250x250_14171900kiko-femenia.jpg,35093b68-5875-455a-9ac1-b796f69ce371
alaves,Vigaray,http://files.laliga.es/jugadores/201609/250x250_13112702carlos-vigaray.jpg,b951347f-2321-479b-b2a0-bfc9952d9a20
alaves,Feddal,http://files.laliga.es/jugadores/201608/250x250_21112034feddal.jpg,82b08900-4ad6-44c8-8bb5-0fa87183540a
alaves,Einar Galilea *,http://files.laliga.es/jugadores/201608/250x250_14171900einar-galilea.jpg,fe989327-cb50-4f5c-b3ec-0a981dfd8426
alaves,Marcos Llorente,http://files.laliga.es/jugadores/201609/250x250_13112756marcos-llorente.jpg,d5d761af-59a6-41a6-b9a9-27ae095f9ebf
alaves,Camarasa,http://files.laliga.es/jugadores/201609/250x250_13112728victor-camarasa.jpg,0ee65501-4972-4dae-97a3-0e3bc55e0cd3
alaves,Ibai,http://files.laliga.es/jugadores/201608/250x250_21121120ibai-gomez.jpg,e67c2d10-faec-4e54-aca4-38a1bf3ef36c
alaves,Sergio Llamas,http://files.laliga.es/jugadores/201608/250x250_14171902sergio-llamas.jpg,6f9856a0-3333-4307-9f74-78120b8faccd
alaves,Espinoza,http://files.laliga.es/jugadores/201609/250x250_13112834cristian-espinoza.jpg,45cf6f15-0a8f-4c62-9b19-c57973a875dc
alaves,D. Torres,http://files.laliga.es/jugadores/201608/250x250_26190957torres.jpg,dc888819-a85e-439a-bd9b-520e4fd12ecc
alaves,Edgar,http://files.laliga.es/jugadores/201608/250x250_14171901edgar.jpg,a7b6000d-c5fb-48ed-8a56-7f8838eb217c
alaves,Manu García,http://files.laliga.es/jugadores/201608/250x250_14171901manu-garcia.jpg,21d5d5e5-ba29-43ac-803f-da3f04899fe6
alaves,Nenad Krstičić,http://files.laliga.es/jugadores/201608/250x250_26190958krsticic.jpg,e6f51122-eb84-484a-9937-7f74f9d0a7b5
alaves,Katai,http://files.laliga.es/jugadores/201609/250x250_13112911aleksander-katai.jpg,649b1b20-5257-40a7-a8d3-aa2c08b691dd
alaves,Sobrino,http://files.laliga.es/jugadores/201608/250x250_21120229sobrino.jpg,813a38db-31c5-4bb2-8a17-b26f2e3efcbc
alaves,Christian Santos,http://files.laliga.es/jugadores/201608/250x250_26190957santos.jpg,ffc0fa55-0b7a-4f7c-9c02-5eeeecdaedf5
alaves,Barreiro,http://files.laliga.es/jugadores/201608/250x250_14171901barreiro.jpg,2a403589-4009-4800-84a5-ccb680b5eca3
alaves,Toquero,http://files.laliga.es/jugadores/201608/250x250_14171903toquero.jpg,c98b2305-a320-4810-90c8-713aab2a288b
alaves,Deyverson,http://files.laliga.es/jugadores/201608/250x250_14171900deyverson.jpg,9371d4f6-82de-4bbb-a793-8be1686f07aa
alaves,Dani Iglesias *,http://files.laliga.es/jugadores/201608/250x250_14171902dani-iglesias.jpg,b06dbf93-af40-4637-9d9c-ef7c8c12b54c
athletic,Valverde,http://files.laliga.es/jugadores/201608/250x250_08092209valverde.jpg,17688f26-9edc-4d51-9f46-0a9f270b1f9f
athletic,Iraizoz,http://files.laliga.es/jugadores/201608/250x250_08091500iraizoz.jpg,ccdc634e-40d1-4429-a002-a258b291ee76
athletic,Iago Herrerín,http://files.laliga.es/jugadores/201608/250x250_08091557herrrerin.jpg,ee9f407c-e536-4c65-98d9-f44c12e3b8ce
athletic,Kepa *,http://files.laliga.es/jugadores/201608/250x250_08100034kepa.jpg,e36d8229-a881-4508-b1a3-1c01089cf792
athletic,Bóveda,http://files.laliga.es/jugadores/201608/250x250_08091419boveda.jpg,8c72833c-0f76-439d-bca9-1dedfc7d3093
athletic,Laporte,http://files.laliga.es/jugadores/201608/250x250_08091705laporte.jpg,a0c09ce2-6da7-4dbe-a06f-93852d474ed7
athletic,San José,http://files.laliga.es/jugadores/201608/250x250_08091750san-jose.jpg,4db9b634-e8aa-4519-9a62-6a1533416de0
athletic,Iñigo Lekue,http://files.laliga.es/jugadores/201608/250x250_08092942lekue.jpg,930ebe28-dee3-4e29-b8d3-658794a06c1a
athletic,Etxeita,http://files.laliga.es/jugadores/201608/250x250_08091644etxeita.jpg,6a6cc445-47fd-40eb-be61-23310338ed08
athletic,De Marcos,http://files.laliga.es/jugadores/201608/250x250_08091923demarcos.jpg,09a4e0b9-5abe-4931-b3cc-c0a07a44d0c6
athletic,Balenziaga,http://files.laliga.es/jugadores/201608/250x250_08091621balenziaga.jpg,f57769be-5ccc-484b-ae4b-33265b8f9fc1
athletic,Saborit,http://files.laliga.es/jugadores/201608/250x250_08091727saborit.jpg,c3b3e5d7-e4b8-4a1e-95b0-bd27ef93eec6
athletic,Elustondo,http://files.laliga.es/jugadores/201608/250x250_08092456elustondo.jpg,d0437eda-ab5b-400f-be4f-ffaf8a0bb798
athletic,Eraso,http://files.laliga.es/jugadores/201608/250x250_08092755eraso.jpg,82806cfe-89e0-4c21-8fe5-bf738c9f1e89
athletic,Beñat,http://files.laliga.es/jugadores/201608/250x250_08091903be--at.jpg,c7122914-694e-436d-9d45-79e094d959d8
athletic,Iturraspe,http://files.laliga.es/jugadores/201608/250x250_08091946iturraspe.jpg,b5f33851-5e37-4afb-9559-4dd6a44e5154
athletic,Vesga,http://files.laliga.es/jugadores/201608/250x250_21185935vesga.jpg,66d0d66f-013b-4c72-8781-4b0dd3e9ffee
athletic,Susaeta,http://files.laliga.es/jugadores/201608/250x250_08092033susaeta.jpg,6a90ae95-ec66-4a8d-98cc-c06b18de74ee
athletic,Mikel Rico,http://files.laliga.es/jugadores/201608/250x250_08091840rico.jpg,705d5499-1026-4167-baeb-0a344ba2e672
athletic,Sabin Merino,http://files.laliga.es/jugadores/201608/250x250_08092911sabin-merino.jpg,c9fef9ba-b659-4f43-8239-cdd8a12830cc
athletic,Raúl García,http://files.laliga.es/jugadores/201608/250x250_08092343raul-garcia.jpg,f33dc3fc-83e1-4b3e-a596-df3c71abc634
athletic,Muniain,http://files.laliga.es/jugadores/201608/250x250_08092101muniain.jpg,5552b5aa-ff3d-4e78-a8ef-93646ca4c468
athletic,Williams,http://files.laliga.es/jugadores/201608/250x250_08092837williams.jpg,b2755420-5ce1-4f01-bfba-375415a15351
athletic,Aduriz,http://files.laliga.es/jugadores/201608/250x250_08092121aduriz.jpg,62b06fd3-a8f3-4098-9812-25754b23bbf6
atletico,Diego Simeone,http://files.laliga.es/jugadores/201608/250x250_08153908simeone.jpg,a2e034ca-3aa3-4d6f-b7e8-14a5ead029e3
atletico,Moyà,http://files.laliga.es/jugadores/201608/250x250_08153517moya.jpg,da4a110d-08d8-4c55-a3cf-d547e1cf6a83
atletico,Oblak,http://files.laliga.es/jugadores/201608/250x250_08154300oblak.jpg,1192ddc5-51b3-4e1f-9a86-23392eaf6dbc
atletico,Godín,http://files.laliga.es/jugadores/201608/250x250_08153648godin.jpg,88de0ec0-fd5b-4cd6-ad7a-f8d7155b5fbb
atletico,Filipe Luis,http://files.laliga.es/jugadores/201608/250x250_08153712filipe-luis.jpg,67583e0d-c7d6-4425-b207-79aeba2ea282
atletico,Savić,http://files.laliga.es/jugadores/201608/250x250_08154456savic.jpg,902c019f-84d1-4ee0-8547-c8cf5e7b70cb
atletico,Vrsaljko,http://files.laliga.es/jugadores/201608/250x250_14174911vrsaljko.jpg,808aba2a-35a6-4cd7-acc0-f158f5936b75
atletico,Lucas Hernández,http://files.laliga.es/jugadores/201608/250x250_08154214lucas.jpg,925bddc3-c5f8-4009-b497-b04885e50d67
atletico,Juanfran,http://files.laliga.es/jugadores/201608/250x250_08153732juanfran.jpg,ab2c9e4a-70f8-44fd-8383-42ec84aa5089
atletico,Giménez,http://files.laliga.es/jugadores/201608/250x250_08153619gimenez.jpg,60aa8595-7321-470a-9507-669943a66c5e
atletico,Tiago,http://files.laliga.es/jugadores/201608/250x250_08153754tiago.jpg,c59f7826-adcb-4908-97ad-838cd75612e5
atletico,Koke,http://files.laliga.es/jugadores/201608/250x250_08153820koke.jpg,b21fb29c-1f04-4fb0-9feb-d2045ccefaa9
atletico,Saúl,http://files.laliga.es/jugadores/201608/250x250_08154014saul.jpg,a081713b-6cd0-4277-9af6-f7e53cbfd11d
atletico,Yannick,http://files.laliga.es/jugadores/201608/250x250_14175045carrasco.jpg,40c95318-f336-411d-a000-b72eef97db07
atletico,Augusto,http://files.laliga.es/jugadores/201608/250x250_08153951augusto.jpg,118c3761-55fb-46cd-9b41-d9692f8bc26e
atletico,Gabi,http://files.laliga.es/jugadores/201608/250x250_08153843gabi.jpg,049c2a6c-9d5c-4736-8f82-5ac8250bc65f
atletico,Thomas,http://files.laliga.es/jugadores/201608/250x250_08153549thomas.jpg,0ec613d3-58b9-4609-90c0-610c336a5d2a
atletico,Gaitán,http://files.laliga.es/jugadores/201608/250x250_14174609gaitan.jpg,836ef159-fec7-461f-95db-168b9ccdf418
atletico,Fernando Torres,http://files.laliga.es/jugadores/201608/250x250_08154416fernando-torres.jpg,e89f9843-272a-4df7-8b35-bfaebcc5b26b
atletico,Gameiro,http://files.laliga.es/jugadores/201608/250x250_14174428kevin-gameiro.jpg,5a2e199c-807f-48c3-a070-2a44220fe6ea
celta,Berizzo,http://files.laliga.es/jugadores/201608/250x250_22185024berizzo.jpg,6de978e9-bfaf-4451-b77c-6ed8035722c2
celta,Sergio Álvarez,http://files.laliga.es/jugadores/201608/250x250_22184702sergio.jpg,94b528ae-e118-4a7b-876a-691188bcd77f
celta,Rubén Blanco,http://files.laliga.es/jugadores/201608/250x250_22184808ruben.jpg,95588d17-319f-4026-99d8-3aebf35c6817
celta,Iván Villar *,http://files.laliga.es/jugadores/201608/250x250_22192343villar.jpg,5b23f5d0-5edb-47ad-8b61-489926974d18
celta,Hugo Mallo,http://files.laliga.es/jugadores/201608/250x250_22184809hugo-mallo.jpg,772aa3e8-9c1b-4165-a205-759e4369a0ea
celta,Fontàs,http://files.laliga.es/jugadores/201608/250x250_22184808fontas.jpg,f3cb9d93-b00b-4327-ba07-4b61ec8d0a09
celta,Costas,http://files.laliga.es/jugadores/201608/250x250_22185024costas.jpg,f675acd5-e417-45a6-a012-ded099beac9b
celta,Jonny,http://files.laliga.es/jugadores/201608/250x250_22184908jonny.jpg,0f258b31-9834-422e-a586-83a375a81a26
celta,Sergi Gómez,http://files.laliga.es/jugadores/201608/250x250_22184702sergi-gomez.jpg,bd347aa4-6642-43a4-80e6-9658d7aef4ae
celta,Planas,http://files.laliga.es/jugadores/201608/250x250_22184702planas.jpg,b804de58-f9ba-4b30-a75d-6944969f17db
celta,Cabral,http://files.laliga.es/jugadores/201608/250x250_22184908cabral.jpg,7d12098c-8c92-4cb1-97e8-e5ae550c21eb
celta,Facundo Roncaglia,http://files.laliga.es/jugadores/201608/250x250_22185523roncaglia.jpg,7792fd82-d7d4-4490-b572-4532b7565b90
celta,Marcelo Díaz,http://files.laliga.es/jugadores/201608/250x250_22185523marcelo.jpg,eb0498a3-77db-40d6-aaf2-61af38178af8
celta,Radoja,http://files.laliga.es/jugadores/201608/250x250_22185127radoja.jpg,39bacbcd-7f72-4d5e-b838-5c857eb974d9
celta,Pablo Hernández,http://files.laliga.es/jugadores/201608/250x250_22185024pablo-hdez.jpg,1e00bd64-b2ab-4b95-a26a-a787a6fd6a76
celta,Orellana,http://files.laliga.es/jugadores/201608/250x250_22184909orellana.jpg,e3275a7e-5054-4bc9-90bd-60faa79dc775
celta,Álvaro Lemos,http://files.laliga.es/jugadores/201608/250x250_22185424lemos.jpg,0b2c0f9e-5636-4a34-b5b9-28b0ee702485
celta,Wass,http://files.laliga.es/jugadores/201608/250x250_22185222wass.jpg,80c4d02a-1e99-4201-bdc5-1c86952635f5
celta,Señé,http://files.laliga.es/jugadores/201608/250x250_22185424sene.jpg,50dd2c09-b328-4903-a9fa-df3d39e2bbe9
celta,Borja Fernández *,http://files.laliga.es/jugadores/201608/250x250_22185222borja-fdez.jpg,15d53ab8-7cd2-43d0-9cae-ce60a2f750ec
celta,Borja Iglesias *,http://files.laliga.es/jugadores/201609/250x250_13154024borja-iglesias.jpg,516e0f79-f7fa-4dd9-932a-c7afb71831b1
celta,Pape Cheikh *,http://files.laliga.es/jugadores/201609/250x250_13153921pape.jpg,bb0ba806-9ce9-4128-874a-4295d0cc1a9d
celta,Bongonda,http://files.laliga.es/jugadores/201608/250x250_22185222bongonda.jpg,c18bf504-5989-4a01-a903-843bb79722bb
celta,Guidetti,http://files.laliga.es/jugadores/201608/250x250_22185328guidetti.jpg,fe6dc0e9-212d-4770-b15c-c6eaf98f3b9c
celta,Iago Aspas,http://files.laliga.es/jugadores/201608/250x250_22185127aspas.jpg,1670f46a-4338-4a8c-bf4e-9be2c9ccf44c
celta,Claudio Beauvue,http://files.laliga.es/jugadores/201608/250x250_22185523beuveu.jpg,a62a58b3-78c7-4fb1-98ab-09b2ad7ec1f2
celta,J. Naranjo,http://files.laliga.es/jugadores/201608/250x250_22185424naranjo.jpg,ff998d5c-c25b-4696-a96a-c0894d2c8d60
celta,Giuseppe Rossi,http://files.laliga.es/jugadores/201609/250x250_13115201rossi.jpg,2fc3c260-9320-4209-9c85-45b396d12215
deportivo,Gaizka Garitano,http://files.laliga.es/jugadores/201608/250x250_10121154gaizka-garitano.jpg,94fea810-8b1c-4c2d-9c11-c8297e6a03d7
deportivo,Lux,http://files.laliga.es/jugadores/201608/250x250_10121618german-lux.jpg,75cc8be7-c18c-4f7d-b4fb-0915ee9ef99e
deportivo,Tytoń,http://files.laliga.es/jugadores/201608/250x250_10121745tyton-andone.jpg,5de90153-1e4b-41b7-9788-559566562cc3
deportivo,Rubén,http://files.laliga.es/jugadores/201608/250x250_10121529ruben-martinez.jpg,0f73ab9f-f445-415b-bad5-05bdf627d14c
deportivo,Fernando Navarro,http://files.laliga.es/jugadores/201608/250x250_10121100fernando-navarro.jpg,64b4eb69-e80a-48e2-97d4-d8b9a9d71a2d
deportivo,Albentosa,http://files.laliga.es/jugadores/201608/250x250_10121130albentosa.jpg,dc415f1a-c27b-49db-8428-e8be1d9e6534
deportivo,Sidnei,http://files.laliga.es/jugadores/201608/250x250_10121452sidnei.jpg,c6f71cd9-606a-426c-bd49-f592e23827a5
deportivo,Arribas,http://files.laliga.es/jugadores/201608/250x250_10121355arribas.jpg,62062460-a519-462d-ba52-1cc86d7b3b68
deportivo,Laure,http://files.laliga.es/jugadores/201608/250x250_10121239laure.jpg,c32890ce-aa12-4b45-8e62-7d9738e6a5ee
deportivo,Luisinho,http://files.laliga.es/201508/250x250_27201451luisinho.jpg,84b3ad4b-f62f-4418-9721-cf51f2d831d2
deportivo,Juanfran,http://files.laliga.es/201508/250x250_27201121juanfran.jpg,04ae7b40-ad1b-40d0-9b80-0df40fb51e30
deportivo,Alex Bergantiños,http://files.laliga.es/jugadores/201608/250x250_10121317alex-berganti--os.jpg,70de62e9-07a1-46a9-84f3-0ebf25dbe1a3
deportivo,Mosquera,http://files.laliga.es/jugadores/201608/250x250_10121031pedro-mosquera.jpg,7b0e7dbc-8635-4e05-8b84-acc55cd9e99a
deportivo,Emre Çolak,http://files.laliga.es/jugadores/201608/250x250_10122009emre---olak.jpg,0f9654fa-7be4-497d-80c7-806674807ad4
deportivo,Carles Gil,http://files.laliga.es/jugadores/201608/250x250_14181217carles-gil.jpg,0a82c2e2-fac2-42d6-987c-ef80c84a3f99
deportivo,Borja Valle,http://files.laliga.es/jugadores/201608/250x250_10121939borja-valle.jpg,886fe4b9-e461-4b50-b78f-2c35621e2054
deportivo,Fajr,http://files.laliga.es/jugadores/201608/250x250_10121711fay--al.jpg,e03faf16-a7bd-4eff-9c44-2642de2b8d5f
deportivo,Guilherme,http://files.laliga.es/jugadores/201608/250x250_30085752guilheme.jpg,652d44f2-2634-4d41-b307-74b338998bee
deportivo,Bruno Gama,http://files.laliga.es/jugadores/201608/250x250_30085751bruno.jpg,1378a708-70ce-402f-9bf4-e937d4475797
deportivo,Óscar *,http://files.laliga.es/jugadores/201608/250x250_10122151oscar.jpg,9dd50e6e-7445-4cd7-b4c4-0ec58b58ab15
deportivo,Joselu,http://files.laliga.es/jugadores/201609/250x250_13121122joselu.jpg,0794736f-1d6f-4c1f-a2b9-ab54703bb0a4
deportivo,Florin Andone,http://files.laliga.es/jugadores/201608/250x250_14181217florin-andone.jpg,d90e115e-9a6b-4a56-8ace-1c8d213e8658
eibar,Mendilibar,http://files.laliga.es/jugadores/201608/250x250_24113232jose-luis-mendilibar.jpg,c347b10f-683f-4122-be14-55d452c28222
eibar,Yoel,http://files.laliga.es/jugadores/201608/250x250_24113126yoel-rodriguez.jpg,766831a4-3cb2-4f50-9031-4e795335e787
eibar,Riesgo,http://files.laliga.es/jugadores/201608/250x250_24113016asier-riesgo.jpg,e1f544dc-a2f3-4efa-8817-4a8d92c5e228
eibar,Gálvez,http://files.laliga.es/jugadores/201608/250x250_24113126alejandro-galvez.jpg,7e8d0d98-9959-4290-b316-34e276e5b878
eibar,Ramis,http://files.laliga.es/jugadores/201608/250x250_24113327ivan-ramis.jpg,7b9747e7-3876-4266-b04f-8c66f5a66e4c
eibar,Capa,http://files.laliga.es/jugadores/201608/250x250_24105533ander-capa.jpg,1937e43c-aba0-49e9-9c1f-689784add2f1
eibar,Mauro,http://files.laliga.es/jugadores/201608/250x250_24112830mauro-dos-santos.jpg,0c722982-5e81-4efe-b906-37b4333ebbf6
eibar,Arbilla,http://files.laliga.es/jugadores/201609/250x250_13122539anaitz-arbilla.jpg,604309e7-b785-47ed-8463-d09b5d87bf22
eibar,Antonio Luna,http://files.laliga.es/jugadores/201608/250x250_24113511antonio-luna.jpg,aea32b2a-480a-44d7-bb63-24be9277900e
eibar,Florian Lejeune,http://files.laliga.es/jugadores/201608/250x250_24113232florian-lejeune.jpg,cf4c516d-9522-4be3-bb05-263547cd8bae
eibar,David Juncà,http://files.laliga.es/jugadores/201608/250x250_24113016david-junca.jpg,609db8cf-e60f-45a2-a7dd-5cf854a19739
eibar,Escalante,http://files.laliga.es/jugadores/201608/250x250_24113512gonzalo-escalante.jpg,94b012a7-9c84-4990-92e3-3fe2f7fbc5be
eibar,Cristian Rivera,http://files.laliga.es/jugadores/201608/250x250_24113511christian-rivera.jpg,a5d9f691-818f-4171-bba4-9cea7b6d6b74
eibar,Inui,http://files.laliga.es/jugadores/201608/250x250_24113650takashi-inui.jpg,1de2b2bd-9f6f-4721-87cb-1c46819cb23e
eibar,Jota,http://files.laliga.es/jugadores/201608/250x250_24112830jota-peleteiro.jpg,3b842fb5-43f6-429d-9926-2c81a6b17b35
eibar,Dani García,http://files.laliga.es/jugadores/201608/250x250_24105534dani-garcia.jpg,e9c08eda-9193-430b-891b-5dbe91761fff
eibar,Fran Rico,http://files.laliga.es/jugadores/201609/250x250_13122504fran-rico.jpg,538e6c0c-2151-4c32-bbc3-4e549f1b5c67
eibar,P. León,http://files.laliga.es/jugadores/201608/250x250_24105534pedro-leon.jpg,a03136ae-8a51-4133-b01f-8a66c2fdb1fb
eibar,Adrián,http://files.laliga.es/jugadores/201608/250x250_24113126adrian-gonzalez.jpg,380415f7-cfb3-41b8-94b6-842d9f3f9d3e
eibar,Sergi Enrich,http://files.laliga.es/jugadores/201608/250x250_24112831sergi-enrich.jpg,fb68637f-f3fa-4cfa-8fa6-fd9af7900107
eibar,Rubén Peña,http://files.laliga.es/jugadores/201608/250x250_24113327ruben-pena.jpg,01af6bf4-a718-44d1-b4a0-c27e99592ce6
eibar,Kike,http://files.laliga.es/jugadores/201608/250x250_24113016kike-garcia.jpg,04f2be14-60b6-4066-b52a-31e115ca099d
eibar,Nano,http://files.laliga.es/jugadores/201609/250x250_13122607nano.jpg,37235abc-d2aa-4ca0-af5b-31040bcc9940
eibar,Bebé,http://files.laliga.es/jugadores/201608/250x250_24113327bebe.jpg,5e965e41-8184-4c64-a34c-3c6a67d3a29d
espanyol,Quique Sánchez Flores,http://files.laliga.es/jugadores/201608/250x250_15134939quique-sanchez-flores.jpg,fb28e5a6-b788-4d8b-b92e-720aaec136fd
espanyol,Roberto,http://files.laliga.es/jugadores/201608/250x250_15132304roberto-jimenez.jpg,b5f97930-2c01-43a0-8487-b6cc3b19b369
espanyol,Duarte,http://files.laliga.es/jugadores/201608/250x250_15132939ruben-duarte.jpg,ee317c48-491a-4ca2-bc29-0e8477194c0b
espanyol,V. Álvarez,http://files.laliga.es/jugadores/201608/250x250_15133050victor-alvarez.jpg,46ce7ee8-c90d-45f6-96e9-d8d31459f06e
espanyol,Óscar Duarte,http://files.laliga.es/jugadores/201608/250x250_15133011oscar-duarte.jpg,e43239d9-9a7a-4e01-98e5-724ff6c573b3
espanyol,Javi López,http://files.laliga.es/jugadores/201608/250x250_15133210javi-lopez.jpg,1eab1ef9-c4b9-4479-b0d8-5e367e73f3f9
espanyol,Aarón Martín *,http://files.laliga.es/jugadores/201608/250x250_30090804aaron-martin.jpg,85533b8b-3bfb-4353-8b8e-5c90e43de377
espanyol,Víctor S.,http://files.laliga.es/jugadores/201608/250x250_15134033victor-sanchez.jpg,b5fc76cc-ea8d-4401-b0c5-b12e13508472
espanyol,Salva S.,http://files.laliga.es/jugadores/201608/250x250_15134106salva-sevilla.jpg,743be2b0-d736-4590-9c3f-71d312b0cbbd
espanyol,Reyes,http://files.laliga.es/jugadores/201608/250x250_15133945jose-antonio-reyes.jpg,0964ab56-fedb-40d5-8526-2eb1a51a69d3
espanyol,Jurado,http://files.laliga.es/jugadores/201608/250x250_15133901jurado.jpg,cccfbf66-5a55-4d3c-93f1-8155584b48d8
espanyol,Diop,http://files.laliga.es/jugadores/201608/250x250_15134358pape-diop.jpg,9ab122e8-819d-4524-9dcf-2122350e31ac
espanyol,Gerard,http://files.laliga.es/jugadores/201608/250x250_15134651gerard-moreno.jpg,d2e6b6d3-c71f-4a66-a6f4-61955da049e4
espanyol,Caicedo,http://files.laliga.es/jugadores/201608/250x250_15134800felipe-caicedo.jpg,b63e724a-e106-41ef-880b-3168e01a10fd
espanyol,Léo Baptistão,http://files.laliga.es/jugadores/201608/250x250_15134446leo-baptistao.jpg,3ce0e1ad-8adb-4aba-8028-2fa331af8534
espanyol,Hernán Pérez,http://files.laliga.es/jugadores/201608/250x250_15134727hernan-perez.jpg,83cc8605-1bbd-49d8-9bf0-a4909d815c9c
espanyol,Piatti,http://files.laliga.es/jugadores/201608/250x250_15134601pablo-piatti.jpg,fdebaab2-9aa9-4d53-bdc4-69751b6fa8ff
barcelona,Luis Enrique,http://files.laliga.es/jugadores/201608/250x250_25084016luis-enrique.jpg,3eb12bf1-b785-4880-b766-265c71bcc7e8
barcelona,Masip,http://files.laliga.es/jugadores/201608/250x250_25082501masip.jpg,e42ffb5d-f001-4a68-80f8-d95e8ab3168b
barcelona,Piqué,http://files.laliga.es/jugadores/201608/250x250_25082126pique.jpg,835a381f-2c5b-4bad-aa5d-6f2d40bff001
barcelona,Mascherano,http://files.laliga.es/jugadores/201608/250x250_25082349mascheranos.jpg,ca07356a-3595-4251-a1f4-c9a79ba836ab
barcelona,Jordi Alba,http://files.laliga.es/jugadores/201608/250x250_25082125jordi-alba.jpg,83586d35-bd52-43df-a5dd-1bf3c3f7da60
barcelona,Lucas Digne,http://files.laliga.es/jugadores/201608/250x250_25083116digne.jpg,fee5769a-170e-42fa-8451-591f1ae79ce4
barcelona,Sergi Roberto,http://files.laliga.es/jugadores/201608/250x250_25082348sergi-roberto.jpg,123703d9-e6e5-469b-9374-8c6059014f5c
barcelona,Aleix Vidal,http://files.laliga.es/jugadores/201608/250x250_25082800aleix-vidal.jpg,a0cd5001-c02b-4cd3-a8a0-6e9b443e0d2f
barcelona,Samuel Umtiti,http://files.laliga.es/jugadores/201608/250x250_25083116umtiti.jpg,295d58a6-bd9b-4bfe-8ca0-35e95bc50969
barcelona,Mathieu,http://files.laliga.es/jugadores/201608/250x250_25082800mathieu.jpg,1cbc75d1-2271-4e3e-9bd4-5082ae295e6e
barcelona,Rakitić,http://files.laliga.es/jugadores/201608/250x250_25082501rakitic.jpg,52114a47-84cb-4123-927f-fd880ad96643
barcelona,Busquets,http://files.laliga.es/jugadores/201608/250x250_25082349sergio-busquets.jpg,f802ac96-a88b-495a-9534-42da502420f1
barcelona,Denis Suárez,http://files.laliga.es/jugadores/201608/250x250_25083007denis-suarez.jpg,fa6ec364-7cc2-4ac3-bdf0-85effdaa24c9
barcelona,Arda Turan,http://files.laliga.es/jugadores/201608/250x250_25082628arda.jpg,8bfd1c63-2cb3-4ccd-9c7a-2dea6e4d5649
barcelona,Iniesta,http://files.laliga.es/jugadores/201608/250x250_25082124iniesta.jpg,b2449237-1361-4865-a1b2-523520e6741c
barcelona,André Gomes,http://files.laliga.es/jugadores/201608/250x250_25083116andre-gomes.jpg,d55c4703-7c40-47ef-8613-24dea8a6bda2
barcelona,Luis Suárez,http://files.laliga.es/jugadores/201608/250x250_25083007luis-suarez.jpg,6f68f882-2f4a-4cae-9cef-ef9e6a15c18d
barcelona,Messi,http://files.laliga.es/jugadores/201608/250x250_25082501messi.jpg,b3a501ea-8b6e-4ab5-81ae-d9cba1913cfd
granada,Oier,http://files.laliga.es/jugadores/201608/250x250_23105243olazabal.jpg,efe1a553-2ad4-4bf3-904f-2e3182be2889
granada,Ochoa,http://files.laliga.es/jugadores/201608/250x250_23105828ochoa.jpg,8d9e5f79-0c00-4253-8033-8959d6623190
granada,Tito,http://files.laliga.es/jugadores/201608/250x250_23105526tito.jpg,29588318-4ded-479e-ae45-6e6659f1ec24
granada,Gastón Silva,http://files.laliga.es/jugadores/201608/250x250_23110210gaston.jpg,8cf90208-2dd8-4348-822e-96ef10558d2b
granada,Gabriel Silva,http://files.laliga.es/jugadores/201608/250x250_23110017silva.jpg,9b11f34e-323d-44da-9116-7ada7f756c2d
granada,Matthieu Saunier,http://files.laliga.es/jugadores/201608/250x250_23110017saunier.jpg,dbb8b2f3-e168-4f04-900d-c34fdadeee89
granada,Foulquier,http://files.laliga.es/201510/250x250_15123350foulquier-v2.jpg,787978a0-1c95-4f4e-bf5f-d36dfc408afc
granada,Samper,http://files.laliga.es/jugadores/201608/250x250_29174122samper.jpg,4d924378-426b-4551-bf58-79b5558ed956
granada,Uche,http://files.laliga.es/jugadores/201608/250x250_23105828uche.jpg,69ea11c5-7743-48ea-843a-00a0b599baba
granada,Javi Márquez,http://files.laliga.es/jugadores/201608/250x250_23105703marquez.jpg,90c13311-48ed-4df9-a9c8-e1afe78229ea
granada,Boga,http://files.laliga.es/jugadores/201608/250x250_23110017boga.jpg,9e1639ba-b035-41ad-be94-1d7acce97c38
granada,Jon Toral,http://files.laliga.es/jugadores/201608/250x250_23110018toral.jpg,4cd2806b-5e56-487d-b745-6c160b32cf84
granada,Andreas Pereira,http://files.laliga.es/jugadores/201608/250x250_29174054pereira.jpg,66b8b096-1fa0-414a-b934-ea55736133d0
granada,Isaac Cuenca,http://files.laliga.es/jugadores/201608/250x250_23105243cuenca.jpg,fca15121-964e-43eb-9b80-85d854d4c02b
granada,Krhin,http://files.laliga.es/jugadores/201608/250x250_23105829khrin.jpg,ea04e500-080b-482f-a274-b0443f7dea57
granada,Victorien Angban,http://files.laliga.es/jugadores/201608/250x250_23110210angban.jpg,8adf11a8-b7ed-4ba0-bd9b-2419c8130f5e
granada,Barral,http://files.laliga.es/jugadores/201608/250x250_23105702barral.jpg,206e881d-0cd1-4744-b4d4-f28c0a12bff1
granada,Ezequiel Ponce,http://files.laliga.es/jugadores/201608/250x250_23110210ponce.jpg,892dd5fd-b3cf-4cac-a19d-774dd84c9859
las-palmas,Quique Setién,http://files.laliga.es/jugadores/201608/250x250_12095201quique-setien.jpg,b520e2fd-e812-4233-af3b-bf079692c2fa
las-palmas,Raúl Lizoain,http://files.laliga.es/jugadores/201608/250x250_12095617raul-lizoain.jpg,8e6f7cb3-6f98-4bbf-aa28-e257fbbf0bab
las-palmas,Javi Varas,http://files.laliga.es/jugadores/201608/250x250_12095104javi-varas.jpg,ea55ea9e-48a3-45c8-9185-290a3d307d3a
las-palmas,David Simón,http://files.laliga.es/jugadores/201608/250x250_12100704david-simon.jpg,7dd92265-05cc-492d-82a3-2967092d6dbb
las-palmas,Mauricio Lemos,http://files.laliga.es/jugadores/201608/250x250_12100819mauricio-lemos.jpg,e0978e77-e4b2-4b4a-a131-84cb7c3a8eb2
las-palmas,David García,http://files.laliga.es/jugadores/201608/250x250_12095706david-garcia.jpg,c7019840-8c10-4503-a7f4-6dee1cbf7d10
las-palmas,Michel Macedo,http://files.laliga.es/jugadores/201608/250x250_12100549michel-macedo.jpg,f2ad07ce-856c-42db-bd14-b0edc0e4298f
las-palmas,Aythami Artiles,http://files.laliga.es/jugadores/201608/250x250_12095728aythami-artiles.jpg,b3148889-0aa1-4231-a2fe-58f113795e74
las-palmas,Bigas,http://files.laliga.es/jugadores/201608/250x250_12095135pedro-bigas.jpg,54602f96-3e7c-4519-90dd-12d2feccddc5
las-palmas,Hélder Lopes,http://files.laliga.es/jugadores/201608/250x250_22201313helder-lopez.jpg,17315e46-c945-42df-9cf6-db714f79f178
las-palmas,Dani Castellano,http://files.laliga.es/jugadores/201608/250x250_12095749dani-castellano.jpg,cfe7138d-3ca0-404d-82fa-3ce6d0cf54f2
las-palmas,Vicente Gómez,http://files.laliga.es/jugadores/201608/250x250_12100213vicente-gomez.jpg,bb348307-e805-484d-a161-e0c77311bd6a
las-palmas,Montoro,http://files.laliga.es/jugadores/201608/250x250_12095553montoro.jpg,a7cc3d39-d318-4956-be64-28b33391c26b
las-palmas,El Zhar,http://files.laliga.es/jugadores/201608/250x250_12100451el-zhar.jpg,2dfce3a2-77d4-43e9-90e2-b034df8364b6
las-palmas,Momo,http://files.laliga.es/jugadores/201608/250x250_12095935momo.jpg,27e168e3-12d0-48ad-9214-a3f992d31523
las-palmas,Hernán,http://files.laliga.es/jugadores/201608/250x250_12100012hernan.jpg,4615399f-7418-4654-bb57-6e557103dfe4
las-palmas,Roque Mesa,http://files.laliga.es/jugadores/201608/250x250_27094127roque-mesa.jpg,093bd01d-b665-4cbd-819f-c1a65d405dbc
las-palmas,Javi Castellano,http://files.laliga.es/jugadores/201608/250x250_12095814javi-castellano.jpg,2fb22e59-81f7-4368-96c5-3680023271f3
las-palmas,Tyronne,http://files.laliga.es/jugadores/201608/250x250_12100727tyronne.jpg,f9f88149-7e4f-44c1-b02a-cf3887a9af37
las-palmas,Viera,http://files.laliga.es/jugadores/201608/250x250_12100425jonathan-viera.jpg,2facfcd1-8233-4b8e-87fc-aebc1bb8aa00
las-palmas,Marko Livaja,http://files.laliga.es/jugadores/201609/250x250_07124022marko-livaja.jpg,6674bbf9-fc90-4241-a20c-f435fe7a2883
las-palmas,Araujo,http://files.laliga.es/jugadores/201608/250x250_12100628sergio-araujo.jpg,723ccd60-1082-4709-be09-bf95438c8e02
las-palmas,Tana,http://files.laliga.es/jugadores/201608/250x250_12100300tana.jpg,28cf43d8-f188-4dd1-b996-ac716a9abb14
leganes,Asier Garitano,http://files.laliga.es/jugadores/201608/250x250_22191527asier-garitano.jpg,4b263376-f082-44a6-850c-4bcc650740d7
leganes,Alberto Brignoli,http://files.laliga.es/jugadores/201608/250x250_22191739brignoli.jpg,96d00b7c-fe0b-4cf8-8a67-81a074be3436
leganes,Serantes,http://files.laliga.es/jugadores/201608/250x250_22191502serantes.jpg,fbe3e282-bd25-4a23-bc96-dafd95ee2a16
leganes,Bustinza,http://files.laliga.es/jugadores/201608/250x250_22190951bustinza.jpg,23621387-5a7e-4f77-bafa-8432bb6cfa5a
leganes,Adrián Marín,http://files.laliga.es/jugadores/201608/250x250_22191602adrian-marin.jpg,8f57ea0c-f342-4faa-907e-77e3ff4e6eec
leganes,Mantovani,http://files.laliga.es/jugadores/201608/250x250_22191355mantovani.jpg,7183a447-0efe-49b1-8baa-e97a31c42a3f
leganes,Medjani,http://files.laliga.es/jugadores/201608/250x250_22191913medjani.jpg,81807b28-505b-4952-9193-46e0582ad017
leganes,Diego Rico,http://files.laliga.es/jugadores/201609/250x250_02174232diego-rico.jpg,251b7697-c498-4813-8a8d-b6d59284722e
leganes,Víctor Díaz,http://files.laliga.es/jugadores/201608/250x250_22191019victor-diaz.jpg,ee3cf079-61dd-476d-9fdd-434d5cc6dddb
leganes,Pablo Insua,http://files.laliga.es/jugadores/201608/250x250_22192922insua.jpg,257740fd-3c8c-4c4b-b778-11f6e177eb13
leganes,Alberto Martín,http://files.laliga.es/jugadores/201608/250x250_22191355alberto-martin.jpg,6f3f21bf-bdd2-4fb0-85c3-f5344d51a5c3
leganes,Gabriel,http://files.laliga.es/jugadores/201608/250x250_22190951gabriel.jpg,973ce6be-b3a7-4cc2-88b5-fa166a82fd96
leganes,Toni,http://files.laliga.es/jugadores/201608/250x250_22191204toni-dovale.jpg,f93cdf32-0bc2-4be9-8efc-c36bcd7e40cb
leganes,Szymanowski,http://files.laliga.es/jugadores/201608/250x250_22190952szymanowski.jpg,f9e4bf69-1443-456a-9d2d-5698ad21096e
leganes,Unai López,http://files.laliga.es/jugadores/201608/250x250_22191959unai-lopez.jpg,c797a952-a947-475e-b490-7947627a8b3b
leganes,Sastre,http://files.laliga.es/jugadores/201608/250x250_22191116sastre.jpg,a6c428d5-f2b6-4190-97dc-df002e4431f7
leganes,Omar,http://files.laliga.es/jugadores/201608/250x250_22191116omar.jpg,736f4083-5e3c-4d2d-a2fd-03412edb02fc
leganes,Timor,http://files.laliga.es/jugadores/201608/250x250_22191204timor.jpg,1c9f3ba3-c5ed-4e6e-8611-6f0acc086690
leganes,Machís,http://files.laliga.es/jugadores/201609/250x250_02174252machis.jpg,823e4b8e-c2e0-4597-859d-846aa000cb72
leganes,Guerrero,http://files.laliga.es/jugadores/201608/250x250_22191257guerrero.jpg,f3ee7c31-839b-4db3-97c0-3e7273929c3c
leganes,Koné,http://files.laliga.es/jugadores/201609/250x250_02174314kone.jpg,f86a065d-7470-4459-80ed-1541c4790839
leganes,Luciano Neves,http://files.laliga.es/jugadores/201609/250x250_02174336luciano-neves.jpg,bd654c41-6676-477d-a195-89b1b1b84e74
malaga,Juande Ramos,http://files.laliga.es/jugadores/201608/250x250_16144118juande-ramos.jpg,79a286fc-163b-4c9b-ae83-66db10c4d5d4
malaga,Kameni,http://files.laliga.es/jugadores/201608/250x250_16141951kameni.jpg,1ded0ad6-cd7b-4a3a-a0e4-8203234b19a9
malaga,Aarón Escandell *,http://files.laliga.es/jugadores/201608/250x250_20102541aaron.jpg,a29af015-391c-45b7-bd4a-3ff6b637d123
malaga,Weligton,http://files.laliga.es/jugadores/201608/250x250_16142016welligton.jpg,537c79d1-9fd9-4d20-9106-805c5b6b9c4a
malaga,Mikel Villanueva,http://files.laliga.es/jugadores/201608/250x250_30102226mikel-villanueva.jpg,f3d79c5f-4d97-49ff-9c2e-731184a0b5ff
malaga,Llorente R.,http://files.laliga.es/jugadores/201608/250x250_16142257llorente.jpg,9e71aee6-9e7b-4644-868a-c4a51f146c86
malaga,Juankar,http://files.laliga.es/jugadores/201608/250x250_30102226juankar.jpg,24447457-0f74-43f3-a3c0-f3d5500b15ae
malaga,Ricca,http://files.laliga.es/jugadores/201608/250x250_16142540ricca.jpg,0a97dc69-9340-4119-9f9e-f4df9949865d
malaga,Roberto Rosales,http://files.laliga.es/jugadores/201608/250x250_16142416rosales.jpg,0ccf2e60-94bd-4d7a-af03-a5b4a5f092ff
malaga,Miguel Torres,http://files.laliga.es/jugadores/201608/250x250_16142416miguel-torres.jpg,2a6ea97c-d79c-41db-9849-99e634137457
malaga,Camacho,http://files.laliga.es/jugadores/201608/250x250_16142042camacho.jpg,8b4d2e7e-3d45-401e-ade1-1d4f32391447
malaga,Juanpi,http://files.laliga.es/jugadores/201608/250x250_16142722juanpi.jpg,9723a933-ef96-423b-98ce-c8cd94818a47
malaga,Chory Castro,http://files.laliga.es/jugadores/201608/250x250_16142257chory.jpg,34a3f704-058f-4782-a11e-07b89b56b16c
malaga,Recio,http://files.laliga.es/jugadores/201608/250x250_16141720recio.jpg,287d4d00-d408-4efa-be77-fb97b9a3811c
malaga,Duda,http://files.laliga.es/jugadores/201608/250x250_16142042duda.jpg,942d9871-49a0-4ab0-b827-dac471255d88
malaga,Keko,http://files.laliga.es/jugadores/201608/250x250_16142539keko.jpg,1044e4db-8858-4989-9109-6e7f44a2874b
malaga,Jony,http://files.laliga.es/jugadores/201608/250x250_20101947jony.jpg,cd03f707-79dd-49bb-9b68-6f489045bea4
malaga,Zdravko Kuzmanovic,http://files.laliga.es/jugadores/201608/250x250_20104303kuzmanovic.jpg,c2421e87-8a59-4277-87b3-99d4d299906d
malaga,Javi Ontiveros *,http://files.laliga.es/jugadores/201608/250x250_16142722ontiveros.jpg,a8d38512-aef5-4115-a1f0-67b26f12974b
malaga,Pablo Fornals *,http://files.laliga.es/jugadores/201608/250x250_16142643pablo-fornals.jpg,9f48aaad-737a-4f0a-8b91-c5ebca77edac
malaga,Michael Santos,http://files.laliga.es/jugadores/201609/250x250_02174913michael-santos.jpg,50866a79-fd36-4206-80b9-6a6ab9abe85c
malaga,Charles,http://files.laliga.es/jugadores/201608/250x250_16141829charles.jpg,5872f978-66f0-40e2-9427-59a0153d88a8
malaga,Sandro,http://files.laliga.es/jugadores/201608/250x250_16141746sandro.jpg,8971210b-814b-46ec-a5cb-19f43d01a07e
malaga,Youssef En-Nesyri,http://files.laliga.es/jugadores/201608/250x250_30102225en-nesyri.jpg,97440ac0-e8da-4ca5-91d1-c7d03c168c8f
granada,Oier,http://files.laliga.es/jugadores/201608/250x250_23105243olazabal.jpg,c5c0eb3d-944e-4ede-9592-cfcdce9bb111
granada,Ochoa,http://files.laliga.es/jugadores/201608/250x250_23105828ochoa.jpg,a0aadb26-4f42-4252-a2be-25dc7f9af98a
granada,Tito,http://files.laliga.es/jugadores/201608/250x250_23105526tito.jpg,5ffdb89f-4537-4de7-9a89-379ab326ba29
granada,Gastón Silva,http://files.laliga.es/jugadores/201608/250x250_23110210gaston.jpg,620ed0ad-0ccb-48e5-8807-fb6a21d824cd
granada,Gabriel Silva,http://files.laliga.es/jugadores/201608/250x250_23110017silva.jpg,6252e0c6-91af-4a2a-8115-a8d3af23ad7c
granada,Matthieu Saunier,http://files.laliga.es/jugadores/201608/250x250_23110017saunier.jpg,18782d53-01ad-4172-a174-1ab8e3d5d7d8
granada,Foulquier,http://files.laliga.es/201510/250x250_15123350foulquier-v2.jpg,6cdb3697-87d7-4015-8c46-97854ef86558
granada,Samper,http://files.laliga.es/jugadores/201608/250x250_29174122samper.jpg,8962edd7-cd13-41cf-bb5f-bd88bb91ada7
granada,Uche,http://files.laliga.es/jugadores/201608/250x250_23105828uche.jpg,fc60d804-c7fb-4600-ab20-68b1e0df7371
granada,Javi Márquez,http://files.laliga.es/jugadores/201608/250x250_23105703marquez.jpg,a8fbdd6c-525d-41ef-8f8a-a7f1bcd2ad65
granada,Boga,http://files.laliga.es/jugadores/201608/250x250_23110017boga.jpg,e92eea79-b1c3-43c2-90b2-7e72db7b9d4e
granada,Jon Toral,http://files.laliga.es/jugadores/201608/250x250_23110018toral.jpg,85c8a89d-39ae-48d5-923a-bbe737bfd10f
granada,Andreas Pereira,http://files.laliga.es/jugadores/201608/250x250_29174054pereira.jpg,d364282a-e018-4479-acae-2e45b220fb41
granada,Isaac Cuenca,http://files.laliga.es/jugadores/201608/250x250_23105243cuenca.jpg,8bf72f7d-83d0-4975-a636-0ca65b751f20
granada,Krhin,http://files.laliga.es/jugadores/201608/250x250_23105829khrin.jpg,232934f1-98b3-4cb0-9194-8af4b2519b40
granada,Victorien Angban,http://files.laliga.es/jugadores/201608/250x250_23110210angban.jpg,ba0d6c64-ab8b-47bc-b46c-c6f1e76d4505
granada,Barral,http://files.laliga.es/jugadores/201608/250x250_23105702barral.jpg,d289eb7a-4717-4743-8a76-79fd9dad8290
granada,Ezequiel Ponce,http://files.laliga.es/jugadores/201608/250x250_23110210ponce.jpg,6c028d54-843d-4a87-975b-9584758cd59d
las-palmas,Quique Setién,http://files.laliga.es/jugadores/201608/250x250_12095201quique-setien.jpg,e6926cbd-c19f-43a6-b411-8f83aac50e94
las-palmas,Raúl Lizoain,http://files.laliga.es/jugadores/201608/250x250_12095617raul-lizoain.jpg,5057f123-3c23-4c16-879f-f1699f50f91a
las-palmas,Javi Varas,http://files.laliga.es/jugadores/201608/250x250_12095104javi-varas.jpg,d0e6f2c6-88ec-4996-9965-853421c81e58
las-palmas,David Simón,http://files.laliga.es/jugadores/201608/250x250_12100704david-simon.jpg,af586d22-d14b-4556-98b7-e4e78c8d3889
las-palmas,Mauricio Lemos,http://files.laliga.es/jugadores/201608/250x250_12100819mauricio-lemos.jpg,fb3cf502-0c0e-4cfa-bb64-7c0fd0250ea6
las-palmas,David García,http://files.laliga.es/jugadores/201608/250x250_12095706david-garcia.jpg,83387900-3a97-411c-b329-8d3ece098878
las-palmas,Michel Macedo,http://files.laliga.es/jugadores/201608/250x250_12100549michel-macedo.jpg,06262232-1460-4ac4-b688-047de12d1a97
las-palmas,Aythami Artiles,http://files.laliga.es/jugadores/201608/250x250_12095728aythami-artiles.jpg,75934356-1098-45b3-83cc-445366e07fb2
las-palmas,Bigas,http://files.laliga.es/jugadores/201608/250x250_12095135pedro-bigas.jpg,f1fb3fd8-4ff0-41be-8910-843a15025b4b
las-palmas,Hélder Lopes,http://files.laliga.es/jugadores/201608/250x250_22201313helder-lopez.jpg,8e5f6ca7-af00-4036-8599-7e2e46975498
las-palmas,Dani Castellano,http://files.laliga.es/jugadores/201608/250x250_12095749dani-castellano.jpg,1772e6d2-478d-4409-9b17-4423c54728cf
las-palmas,Vicente Gómez,http://files.laliga.es/jugadores/201608/250x250_12100213vicente-gomez.jpg,df3d7305-30dd-4a53-9778-664bc347c3af
las-palmas,Montoro,http://files.laliga.es/jugadores/201608/250x250_12095553montoro.jpg,e614db3b-3618-4a0d-aa70-66ddc8ae9b4f
las-palmas,El Zhar,http://files.laliga.es/jugadores/201608/250x250_12100451el-zhar.jpg,22159a3d-ba35-4eba-9029-e690cd45adf7
las-palmas,Momo,http://files.laliga.es/jugadores/201608/250x250_12095935momo.jpg,b9522a99-fa6a-4f4d-a255-69f3944b1825
las-palmas,Hernán,http://files.laliga.es/jugadores/201608/250x250_12100012hernan.jpg,f0ba41ab-b7f9-40f1-a79e-930b3cfdab77
las-palmas,Roque Mesa,http://files.laliga.es/jugadores/201608/250x250_27094127roque-mesa.jpg,b054e960-70cb-4119-a54e-fc55d56647b3
las-palmas,Javi Castellano,http://files.laliga.es/jugadores/201608/250x250_12095814javi-castellano.jpg,2da46d18-2ec0-4b36-9b04-4e38187bc0d2
las-palmas,Tyronne,http://files.laliga.es/jugadores/201608/250x250_12100727tyronne.jpg,38f7e40b-ab6a-442e-a6ad-55d51522778d
las-palmas,Viera,http://files.laliga.es/jugadores/201608/250x250_12100425jonathan-viera.jpg,36d92773-770c-40fe-8673-cb803ef3b1d1
las-palmas,Marko Livaja,http://files.laliga.es/jugadores/201609/250x250_07124022marko-livaja.jpg,e394ccb2-4319-4f06-b8c4-9d6881ceab3c
las-palmas,Araujo,http://files.laliga.es/jugadores/201608/250x250_12100628sergio-araujo.jpg,07b18f37-2270-4391-957e-de35e578a1a1
las-palmas,Tana,http://files.laliga.es/jugadores/201608/250x250_12100300tana.jpg,fca41cf6-e308-4892-931f-9cbc40cd7410
osasuna,Enrique Martín,http://files.laliga.es/jugadores/201608/250x250_16165847enrique-martin.jpg,340e4e54-f4e5-448e-ba7a-7a85762c3978
osasuna,Mario,http://files.laliga.es/jugadores/201608/250x250_16165657mario-fernandez.jpg,eb5fa7ae-0505-46c0-a278-7e609693f9d9
osasuna,Nauzet Pérez,http://files.laliga.es/jugadores/201608/250x250_16165556nauzet-perez.jpg,40ac0aeb-7b43-4088-8cec-bc380f667641
osasuna,Javier Flaño,http://files.laliga.es/jugadores/201608/250x250_16165555javier-fla--o.jpg,077e7395-4784-4180-ba39-b05b47381a21
osasuna,Tano,http://files.laliga.es/jugadores/201608/250x250_16170028cayetano-bonnin.jpg,0aadf5fb-dad8-4236-a59f-0c1a7d8948e3
osasuna,Flaño,http://files.laliga.es/jugadores/201608/250x250_16165259miguel-fla--o.jpg,aec05926-1b06-4d98-987a-cd3c549a3205
osasuna,David García,http://files.laliga.es/jugadores/201608/250x250_16165740david-garcia.jpg,4362ca90-26cf-4ed2-8510-76c4848925da
osasuna,Oier,http://files.laliga.es/jugadores/201608/250x250_16165357oier-sanjurjo.jpg,a1264ba4-18b8-44bc-a96c-91f55d765039
osasuna,Fuentes,http://files.laliga.es/jugadores/201609/250x250_13135940juan-fuentes.jpg,98f657b6-8ab8-4b18-b757-2eb3262d00b4
osasuna,Clerc,http://files.laliga.es/jugadores/201609/250x250_13140024carlos-clerc.jpg,c0856191-ec58-4b44-acdf-951cfdd57b1a
osasuna,Buñuel *,http://files.laliga.es/jugadores/201608/250x250_16170150aitor-bu--uel.jpg,f68a4163-dec4-45cd-9eb9-955095f2e4be
osasuna,Goran Causic,http://files.laliga.es/jugadores/201608/250x250_20091024goran-causic.jpg,6e28f31e-ac9e-4a39-8142-0f75dc1d7230
osasuna,Roberto Torres,http://files.laliga.es/jugadores/201608/250x250_16165443roberto-torres.jpg,d1f307e1-ea14-4430-9c85-6ff9fbd71a81
osasuna,Berenguer,http://files.laliga.es/jugadores/201608/250x250_16170336alex-berenguer.jpg,2e876e95-ce96-4ca8-9d54-2f00b6050ef9
osasuna,Fausto,http://files.laliga.es/jugadores/201608/250x250_20083722fausto-tienza.jpg,80d2926a-72c9-4c6d-a069-4153ab4541d6
osasuna,Unai García,http://files.laliga.es/jugadores/201608/250x250_16165740unai-garcia.jpg,96178484-c9e7-465c-b3c8-075b02fac251
osasuna,Jaime Romero,http://files.laliga.es/jugadores/201608/250x250_20091756jaime-romero.jpg,2d8d8d65-c7f0-46ea-be9f-ba3b7365f430
osasuna,Fran Mérida,http://files.laliga.es/jugadores/201608/250x250_20093733fran-merida.jpg,5a8434d9-08ee-46ad-a31c-ead6bb9813a6
osasuna,De las Cuevas,http://files.laliga.es/jugadores/201608/250x250_16165357miguel-delascuevas.jpg,40e1dcfc-b000-4ffe-abf8-1a6e5373b6d8
osasuna,Digard,http://files.laliga.es/jugadores/201609/250x250_13140101didier-digard.jpg,8bce9ef8-84c6-4a8e-bac0-a128ece25881
osasuna,Javi Álamo,http://files.laliga.es/jugadores/201609/250x250_13140003javi-alamo.jpg,873d2a30-1bb3-44eb-83a0-828de3373591
osasuna,Imanol García *,http://files.laliga.es/jugadores/201608/250x250_20093327imanol-garcia.jpg,496cdb1d-9c2b-462d-a144-e800a67d161e
osasuna,Olavide *,http://files.laliga.es/jugadores/201608/250x250_16170151miguel-olavide.jpg,0afc81ff-f8d8-452d-b31d-a4b868d23655
osasuna,Otegui *,http://files.laliga.es/jugadores/201608/250x250_16165847antonio-otegui.jpg,865354f9-c366-4e2b-9c8c-8b58bee28998
osasuna,Sergio León,http://files.laliga.es/jugadores/201609/250x250_13135843sergio-leon.jpg,899c0e5c-f073-4b76-90d9-294586d3cd7f
osasuna,Oriol Riera,http://files.laliga.es/jugadores/201609/250x250_13135911oriol-riera.jpg,eab16c02-c696-4e93-8090-867583eba033
osasuna,Rivière,http://files.laliga.es/jugadores/201609/250x250_13140134emmanuel-riviere.jpg,6886aecd-913c-4308-a6ec-efcf4044eb1d
osasuna,Kenan Kodro,http://files.laliga.es/jugadores/201608/250x250_16165657kenan-kodro.jpg,537ab6cc-40fe-4d93-a1cb-f29119703ca6
betis,Poyet,http://files.laliga.es/jugadores/201608/250x250_20131525poyet.jpg,7544c14c-6cd7-4d8a-8efc-bcfe9915517e
betis,Dani Giménez,http://files.laliga.es/jugadores/201608/250x250_20130922dani-gimenez.jpg,f2342a0b-2272-4ff4-b2e8-3651fdf03f68
betis,Adán,http://files.laliga.es/jugadores/201608/250x250_20130921adan.jpg,798ce60b-9d2b-4fe0-9aee-faa6caf4874b
betis,Manu Herrera,http://files.laliga.es/jugadores/201608/250x250_26195958manu-herrera.jpg,31295e90-882b-4b52-b504-d9f3df056dfb
betis,Rafa Navarro,http://files.laliga.es/jugadores/201609/250x250_02172733rafa-navarro.jpg,9a7f9329-3c04-4dcf-9cc0-7662bf6f7be2
betis,Álex Martínez,http://files.laliga.es/jugadores/201608/250x250_20134539alex-martinez.jpg,3404c3a4-3c0e-450d-be39-e5ddca4f4967
betis,Bruno,http://files.laliga.es/jugadores/201608/250x250_20131009bruno.jpg,0e1f385b-f3ee-4299-8a30-05bc5183a5a3
betis,Piccini,http://files.laliga.es/jugadores/201608/250x250_26195958piccini.jpg,cfa6283a-d8f4-4c44-8259-ead903838002
betis,Riza Durmisi,http://files.laliga.es/jugadores/201608/250x250_26195958durmisi.jpg,a353edc6-7ddd-4230-81e7-14cde8d2afdb
betis,Ryan Donk,http://files.laliga.es/jugadores/201609/250x250_13141434donk.jpg,42947f50-f1d1-416f-ab02-45af2d4d52c8
betis,Pezzella,http://files.laliga.es/jugadores/201608/250x250_20131414pezzella.jpg,35c26996-bdbf-434c-ac89-70275d11eb6d
betis,Aissa Mandi,http://files.laliga.es/jugadores/201608/250x250_26195957mandi.jpg,4955763e-0ce5-4e59-99b5-0c5b148a638c
betis,Petros,http://files.laliga.es/jugadores/201608/250x250_20131414petros.jpg,21a86d2f-62a9-4919-8b28-58e73a2140b6
betis,Felipe Gutiérrez,http://files.laliga.es/jugadores/201608/250x250_26195957felipe-gutierrez.jpg,a30907b5-2f84-45ff-9a1a-61e17878b159
betis,Musonda,http://files.laliga.es/jugadores/201608/250x250_20131526musonda.jpg,75a059c2-5d35-428f-b82c-26c74541409e
betis,Jonas Martin,http://files.laliga.es/jugadores/201608/250x250_26195958jonas.jpg,435c0aee-bde0-4ffa-b839-1f317b910b6d
betis,Dani Ceballos,http://files.laliga.es/jugadores/201608/250x250_20131340dani-ceballos.jpg,3674b209-6af9-43db-b7ec-6c7c25b367de
betis,Nahuel,http://files.laliga.es/jugadores/201608/250x250_20131644nahuel.jpg,cd454f80-0e79-4f65-8f3a-cef4a8a94114
betis,Cejudo,http://files.laliga.es/jugadores/201608/250x250_20131009cejudo.jpg,a41e58b5-e620-4e23-a5b1-6731cd4f731f
betis,Joaquín,http://files.laliga.es/jugadores/201608/250x250_20131525joaquin.jpg,5bcaf124-4bd9-4a06-833d-f8e605b20c38
betis,Roman Zozulya,http://files.laliga.es/jugadores/201608/250x250_26200000roman-zozulya.jpg,3ec2b8bd-8f22-4a96-a2ff-98543d789cf7
betis,Fabián,http://files.laliga.es/jugadores/201608/250x250_20131838fabian.jpg,5cabfd39-c78b-48af-be0e-84df8e4b73b1
betis,Darko Brasanac,http://files.laliga.es/jugadores/201609/250x250_13141408brasanac.jpg,d65c6cb3-4768-4150-9b45-e60e8ad53c5a
betis,Sanabria,http://files.laliga.es/jugadores/201608/250x250_20131644sanabria.jpg,c32cf605-b1ce-4abb-8447-c5c06eefd5fb
betis,Alex Alegría,http://files.laliga.es/jugadores/201608/250x250_20131741alex-alegria.jpg,0b36822a-df60-490a-a5e5-1a3b4cbf2e0b
betis,Rubén Castro,http://files.laliga.es/jugadores/201608/250x250_20131224ruben-castro.jpg,36a8bc8b-a516-40cf-8c76-1adc3465aeaf
real-madrid,Zidane,http://files.laliga.es/jugadores/201608/250x250_25115936zidane.jpg,394125a8-a6bf-4565-b816-589ef0a0f686
real-madrid,Keylor Navas,http://files.laliga.es/jugadores/201608/250x250_25115821keylor-navas.jpg,08800fa4-668f-488d-8155-0280d8375471
real-madrid,Kiko Casilla,http://files.laliga.es/jugadores/201608/250x250_25115822kiko-casilla.jpg,00edcb6f-34b5-4787-a746-04d0d3fef78e
real-madrid,Rubén Yáñez,http://files.laliga.es/201510/250x250_14150108ya--ez.jpg,752a4d54-1393-4fcd-9b94-612ed82b1a7c
real-madrid,Carvajal,http://files.laliga.es/jugadores/201608/250x250_25114255carvajal.jpg,a1239f37-99bc-4b1a-894b-62fcdd7630c1
real-madrid,Pepe,http://files.laliga.es/jugadores/201608/250x250_25114150pepe.jpg,549bc166-82a9-47ee-8ebd-51859efb2b76
real-madrid,Sergio Ramos,http://files.laliga.es/jugadores/201608/250x250_25114150sergio-ramos.jpg,1a033f4b-b8fb-4c80-98a9-02e293d4cda3
real-madrid,Varane,http://files.laliga.es/jugadores/201608/250x250_25114151varane.jpg,2704c3f1-ebf3-46ae-af5a-141c4669d4b8
real-madrid,Nacho,http://files.laliga.es/jugadores/201608/250x250_25114359nacho.jpg,f82db618-a3de-4fc5-a0bb-a160559a2e16
real-madrid,Marcelo,http://files.laliga.es/jugadores/201608/250x250_25114256marcelo.jpg,9b28f190-35d2-4f91-bb53-a0fdc7ba5a26
real-madrid,Coentrão,http://files.laliga.es/jugadores/201608/250x250_25114256coentrao.jpg,730c85cb-30af-449d-af26-1ccb37ed01ec
real-madrid,Danilo,http://files.laliga.es/jugadores/201608/250x250_25120501danilo.jpg,36f330ca-025f-4ca8-823f-af5affe28ce9
real-madrid,Toni Kroos,http://files.laliga.es/jugadores/201608/250x250_25120501kroos.jpg,e8ba6af4-e2f7-408a-ae98-842949d0cb37
real-madrid,James Rodríguez,http://files.laliga.es/jugadores/201608/250x250_25120501james.jpg,361632e4-ab37-40a7-a048-65103f73fdad
real-madrid,Casemiro,http://files.laliga.es/jugadores/201608/250x250_25114518casemiro.jpg,644327bb-fbca-41fc-8c74-00570f0b228a
real-madrid,Kovačić,http://files.laliga.es/jugadores/201608/250x250_25120605kovacik.jpg,8c8730cd-d9b6-491b-80ff-ef0f2d9ce2e8
real-madrid,Modrić,http://files.laliga.es/jugadores/201608/250x250_25114359modric.jpg,c6b0040f-37d0-4411-9131-2d1f022f7f11
real-madrid,Marco Asensio,http://files.laliga.es/jugadores/201608/250x250_25120158asensio.jpg,9f8344a4-59cd-44d9-ac6e-03bb7bf228af
real-madrid,Isco,http://files.laliga.es/jugadores/201608/250x250_25114519isco.jpg,bcdbec6a-4c80-413a-b6e9-bf613c98a456
real-madrid,Ronaldo,http://files.laliga.es/jugadores/201608/250x250_25114519cristiano-ronaldo.jpg,8b7070a2-a413-4542-9519-32c4b03e44fd
real-madrid,Benzema,http://files.laliga.es/jugadores/201608/250x250_25115902benzema.jpg,c2803b1f-a1d5-4e0a-a242-b3f7a137f708
real-madrid,Bale,http://files.laliga.es/jugadores/201608/250x250_25114359gareth-bale.jpg,e739f3ef-dbb5-4dbd-a6e5-1c74a7923936
real-madrid,Lucas Vázquez,http://files.laliga.es/jugadores/201608/250x250_25120159lucas-vazquez.jpg,77015097-c9c0-43ff-aea5-bd407ee81e90
real-madrid,Mariano,http://files.laliga.es/jugadores/201608/250x250_25120159mariano.jpg,72875136-432f-44a6-ae0f-30e5ac60a0b7
real-madrid,Morata,http://files.laliga.es/jugadores/201608/250x250_25115821morata.jpg,5d302aa6-716b-453c-b177-6928b0ff1625
real-sociedad,Eusebio,http://files.laliga.es/jugadores/201608/250x250_25132125eusebio.jpg,185d85fd-cb51-4686-bbfc-690b8828c56c
real-sociedad,Ander Bardaji,http://files.laliga.es/jugadores/201608/250x250_25133434ander-bardaji.jpg,b9259c87-e81f-459e-8db1-2725e90c3c89
real-sociedad,Toño Ramírez,http://files.laliga.es/jugadores/201608/250x250_25133607to--o-ramirez.jpg,f56e61b2-22a5-47f7-bdd4-ba4e37790ae4
real-sociedad,Carlos Martínez,http://files.laliga.es/jugadores/201608/250x250_25132326carlos-martinez.jpg,5aecec48-c04d-4e8b-8798-35c9c075c3a9
real-sociedad,Mikel,http://files.laliga.es/jugadores/201608/250x250_25132125mikel-gonzalez.jpg,17859bcf-2132-457e-bad4-a89b95bf9967
real-sociedad,Martínez I.,http://files.laliga.es/jugadores/201608/250x250_25132125i--igo-martinez.jpg,03b397f4-6145-405b-9e4c-61e7549a44c1
real-sociedad,Aritz Elustondo,http://files.laliga.es/jugadores/201608/250x250_25133434elustondo.jpg,895b4580-9297-4b99-877f-be831fab0307
real-sociedad,Yuri,http://files.laliga.es/jugadores/201608/250x250_25131930yuri-berchiche.jpg,2af61dec-e4ef-46c8-9df8-4e6464a0cc65
real-sociedad,Zaldúa,http://files.laliga.es/jugadores/201608/250x250_25133206joseba-zaldua.jpg,3ec3692d-7d28-4e6c-aad9-9331a3d1da7f
real-sociedad,Héctor,http://files.laliga.es/jugadores/201608/250x250_25133606hector-hernandez.jpg,739eb3ea-d856-44f3-845a-720b0080cff5
real-sociedad,Raúl Navas,http://files.laliga.es/jugadores/201608/250x250_25131930raul-navas.jpg,14795667-570d-4e1c-a727-d6b8306af146
real-sociedad,Illarramendi,http://files.laliga.es/jugadores/201608/250x250_25131931illarramendi.jpg,ee4ab445-8b7d-44fa-a9b7-9e580dddb69b
real-sociedad,Markel Bergara,http://files.laliga.es/jugadores/201608/250x250_25132326markel-bergara.jpg,47f946dc-8e2a-407f-9ecb-a822cbd3d5bd
real-sociedad,Granero,http://files.laliga.es/jugadores/201608/250x250_25132440granero.jpg,35e1b18a-2b90-44e6-96d0-dfb6625b37a3
real-sociedad,Xabi Prieto,http://files.laliga.es/jugadores/201608/250x250_25132620xavi-prieto.jpg,46e0b331-22cc-4b17-a460-d9a4b94b149d
real-sociedad,Rubén Pardo,http://files.laliga.es/jugadores/201608/250x250_25132327ruben-pardo.jpg,8a9a1713-e8a0-4098-beaa-e878634b0e5c
real-sociedad,Canales,http://files.laliga.es/jugadores/201608/250x250_25133206sergio-canales.jpg,111b8fa2-bcba-40ea-8451-8e59890235fd
real-sociedad,Zurutuza,http://files.laliga.es/jugadores/201608/250x250_25132440zurutuza.jpg,af61c588-6c10-44e0-a945-cd9a188ede66
real-sociedad,Mikel Oyarzabal,http://files.laliga.es/jugadores/201608/250x250_25133606mikel-oyarzabal.jpg,96ea4ed5-f6ae-4836-91dd-470a5fe531e3
real-sociedad,Gaztañaga,http://files.laliga.es/jugadores/201608/250x250_25132440jon-gazta--aga.jpg,517aa9fd-763c-4e8d-92a6-9c506de0bac8
real-sociedad,Juanmi,http://files.laliga.es/jugadores/201608/250x250_30090057juanmi-jimenez.jpg,05270532-440e-480e-842c-e94e0509e499
real-sociedad,Agirretxe,http://files.laliga.es/jugadores/201608/250x250_25132620aguirretxe.jpg,75880ada-a377-4a0d-ab22-0eb79ce59710
real-sociedad,Vela,http://files.laliga.es/jugadores/201608/250x250_25132620carlos-vela.jpg,eec4b514-d6a2-45ac-a2bb-b38a8102f127
real-sociedad,Willian José,http://files.laliga.es/jugadores/201608/250x250_30090057william-jose.jpg,d3a3700c-10db-4563-8ab8-9806804723a8
real-sociedad,David Concha,http://files.laliga.es/jugadores/201608/250x250_25133206david-concha.jpg,692e662d-83b6-4034-86e9-686d8a77143a
sevilla,Jorge Sampaoli,http://files.laliga.es/jugadores/201608/250x250_09141516sampaoli.jpg,8cbeedb5-31d0-4d0e-81b1-1244959bc735
sevilla,Sergio Rico,http://files.laliga.es/jugadores/201608/250x250_09140820sergio-rico.jpg,2b7ceebc-514b-46b8-a818-1c52d12c4f2d
sevilla,David Soria,http://files.laliga.es/jugadores/201608/250x250_09141219david-soria.jpg,46161133-4397-423f-b257-da2bc7648bf2
sevilla,Trémoulinas,http://files.laliga.es/jugadores/201608/250x250_09140957tremoulinas.jpg,830e6e2d-7602-4ac9-88df-138dae71c990
sevilla,Mariano,http://files.laliga.es/jugadores/201608/250x250_09141403mariano.jpg,ab655f4b-d716-4ad6-809b-4a909a515765
sevilla,Kolodziejczak,http://files.laliga.es/jugadores/201608/250x250_09141154kolo.jpg,e1efc013-64d9-4152-ab97-cc02a3cf8f0d
sevilla,Carriço,http://files.laliga.es/jugadores/201608/250x250_09140442carri--o.jpg,e2340b93-df25-438a-8dce-70cc2c8208c4
sevilla,Escudero,http://files.laliga.es/jugadores/201608/250x250_09140258escudero.jpg,c5fed180-244f-484d-ad33-3d3a692fcebe
sevilla,Pareja,http://files.laliga.es/jugadores/201608/250x250_09140512nico-pareja.jpg,78122c18-e5ef-4b28-8f1a-8f08e18cb793
sevilla,Rami,http://files.laliga.es/jugadores/201608/250x250_09140757rami.jpg,3a4b12e4-602a-4458-a5f3-6e004d8bbeb8
sevilla,Gabriel Mercado,http://files.laliga.es/jugadores/201609/250x250_02174226mercado.jpg,565f4d3c-d31e-45c6-a140-6d7f674fb998
sevilla,Matías Kranevitter,http://files.laliga.es/jugadores/201608/250x250_09141455kranevitter.jpg,8a5cbe5c-ba3f-42cd-8bf7-646f53893a43
sevilla,Krohn-Dehli,http://files.laliga.es/jugadores/201609/250x250_13125755krohn-dehli.jpg,54012b1b-f1d9-4362-816a-b65928a499d8
sevilla,Iborra,http://files.laliga.es/jugadores/201608/250x250_09140604iborra.jpg,a7eb7ae9-38e4-4721-b72d-80f63b8a9515
sevilla,Correa,http://files.laliga.es/jugadores/201608/250x250_09141644correa.jpg,2e597983-b8a1-46ac-8c4a-a8bbc563515c
sevilla,Kiyotake,http://files.laliga.es/jugadores/201608/250x250_09141553kiyotake.jpg,a0c680f4-c0b3-480c-98aa-2e1282a4ba6f
sevilla,N'Zonzi,http://files.laliga.es/jugadores/201608/250x250_09141337nzonzi.jpg,a23387fb-fa3a-4489-9c81-d4920c4b09ba
sevilla,Pablo Sarabia,http://files.laliga.es/jugadores/201608/250x250_09140329sarabia.jpg,87dfae6b-e8ad-40e2-a499-8c06fec97d51
sevilla,Ganso,http://files.laliga.es/jugadores/201608/250x250_09141618ganso.jpg,be8d2747-a556-4adc-95d0-7bb4b3adcf82
sevilla,Vitolo,http://files.laliga.es/jugadores/201608/250x250_09140631vitolo.jpg,f12f48c3-0045-4600-a7d4-954ecc6e1209
sevilla,Diego González *,http://files.laliga.es/jugadores/201609/250x250_02174226diego-gonzalez.jpg,5a773f9e-3797-40fd-a94d-8e3f91d08fc4
sevilla,Vietto,http://files.laliga.es/jugadores/201608/250x250_09140842vietto.jpg,1deaf9b3-a83b-4cbd-b077-3baceae1dbe0
sevilla,Ben Yedder,http://files.laliga.es/jugadores/201608/250x250_25174828ben-yedder.jpg,64a1ddfc-77da-4c56-81e5-f24b82f4bf80
sevilla,Franco Vázquez,http://files.laliga.es/jugadores/201609/250x250_02174226franco_vazquez.jpg,44b87e1c-3e9f-4fcf-ac0f-2a90134c0ae2
sporting,Abelardo,http://files.laliga.es/jugadores/201608/250x250_26155735abelardo.jpg,54a11930-df61-49b6-9c9e-b932a426e577
sporting,Cuéllar,http://files.laliga.es/jugadores/201608/250x250_26155232cuellar.jpg,06790f3a-edfe-4427-9250-814df048941e
sporting,Mariño,http://files.laliga.es/jugadores/201608/250x250_26154928diego-mari--o.jpg,e1b7f091-61dd-4ecb-a8f2-6259e816e00a
sporting,Meré,http://files.laliga.es/jugadores/201608/250x250_26155934mere.jpg,7d1f2c7f-d8f0-40a5-9d8b-060e55ad3650
sporting,Amorebieta,http://files.laliga.es/jugadores/201608/250x250_26160244fernando-amorebieta.jpg,62ab60c5-a1c1-4b50-900b-f36c74b39777
sporting,Lora,http://files.laliga.es/jugadores/201608/250x250_26155232lora.jpg,f39d471a-a7f0-4939-aa47-2c68f88f1c2b
sporting,R. Canella,http://files.laliga.es/jugadores/201608/250x250_26155232roberto-canella.jpg,d9f7a16c-9f0a-4bc9-86b6-7a16cc2ec3f3
sporting,Lillo,http://files.laliga.es/jugadores/201608/250x250_26154929lillo.jpg,b80db70c-0e0b-4714-be60-f326334f244a
sporting,Sergio A.,http://files.laliga.es/jugadores/201608/250x250_26155331sergio-alvarez.jpg,76c08725-f686-4756-9b4d-981913a0109d
sporting,Víctor,http://files.laliga.es/jugadores/201608/250x250_26155446victor-rodriguez.jpg,1682e344-1945-4dfb-adc2-71e79cba28cb
sporting,Cases,http://files.laliga.es/jugadores/201608/250x250_26155330nacho-cases.jpg,87ec57c0-cfaf-4f11-87eb-e9aae3b1cd23
sporting,Isma,http://files.laliga.es/jugadores/201608/250x250_26155446isma-lopez.jpg,56635fa3-e651-4017-89c4-da73120a5b28
sporting,Carmona,http://files.laliga.es/jugadores/201608/250x250_26155330carmona.jpg,c0317527-bc9f-485b-92a1-cdb90aefdfa8
sporting,Ndi,http://files.laliga.es/jugadores/201608/250x250_26155935dani-ndi.jpg,b08e2565-e33d-4c67-9e38-29d4faaa8647
sporting,Moi Gómez,http://files.laliga.es/jugadores/201608/250x250_26154928moi-gomez.jpg,bcc4d759-9dab-4c0b-9390-23fc6337ba9a
sporting,Castro,http://files.laliga.es/jugadores/201608/250x250_26155736carlos-castro.jpg,ff82b610-a349-4267-8506-5219ec3a8a5b
sporting,Burgui,http://files.laliga.es/jugadores/201608/250x250_26155446burgui.jpg,78ed0711-67e8-43b9-9c52-fcc4013813e2
sporting,Cop,http://files.laliga.es/jugadores/201608/250x250_26160134duje-cop.jpg,c7074a76-d6ec-434f-81d7-3e8ea21db815
valencia,Jaume,http://files.laliga.es/jugadores/201607/250x250_22162816jaume-domenech.jpg,1f7dce47-a40f-4518-9549-aad42ad467e4
valencia,Mathew Ryan,http://files.laliga.es/jugadores/201607/250x250_22163112math-ryan.jpg,5d1233dc-ac99-4c72-a959-8111421ca3c2
valencia,Cancelo,http://files.laliga.es/jugadores/201607/250x250_22162156joao-cancelo.jpg,c6142891-3161-452b-a1af-74b15200f749
valencia,Aderllan Santos,http://files.laliga.es/jugadores/201607/250x250_22161902aderlan-santos.jpg,7c2ee8ef-1dd9-4872-b1b0-919c7139d20d
valencia,Siqueira,http://files.laliga.es/jugadores/201607/250x250_22163455guilherme-siqueira.jpg,e1183061-810e-4a43-92b8-7fe50c1a2c3e
valencia,Gayá,http://files.laliga.es/jugadores/201607/250x250_22162636jose-luis-gaya.jpg,d8ace6ae-f50f-491e-b475-1aab91707cf0
valencia,Abdennour,http://files.laliga.es/jugadores/201607/250x250_22162000aymen-abdennour.jpg,e4a1e5bf-ad3d-490c-a106-55da4a586051
valencia,Lato *,http://files.laliga.es/jugadores/201609/250x250_02174411lato.jpg,053ac38e-722c-4794-b4ca-3597f200b90c
valencia,Enzo Pérez,http://files.laliga.es/jugadores/201607/250x250_22162544enzo-perez.jpg,b1ec1617-8adc-4a16-8152-109e3aefd56d
valencia,Dani Parejo,http://files.laliga.es/jugadores/201607/250x250_22162245dani-parejo.jpg,b4a4aa59-0a15-4561-92e5-2fa373bee9a2
valencia,Bakkali,http://files.laliga.es/jugadores/201607/250x250_22162106zakaria-bakkali.jpg,1a8134d1-956c-45ee-94b6-7b02b02c7782
valencia,Fede Cartabia,http://files.laliga.es/jugadores/201607/250x250_22165322fede-cartabria.jpg,5c824e19-7626-425d-8720-6c7671546bc7
valencia,Álvaro Medrán,http://files.laliga.es/jugadores/201608/250x250_22200135alvaro-medran.jpg,d5569202-1f29-49c2-a3a9-61b08a28c542
valencia,Carlos Soler *,http://files.laliga.es/jugadores/201608/250x250_22200856carlos-soler.jpg,f0dd5120-6297-4c24-8cfe-2b8a3f062589
valencia,Rodrigo,http://files.laliga.es/jugadores/201607/250x250_22163305rodrigo-moreno.jpg,846de200-6f12-4d57-b508-1b5a5ecb372d
valencia,Santi Mina,http://files.laliga.es/jugadores/201607/250x250_22163409santi-mina.jpg,4baa2971-2127-4661-9a48-f2f446bd858e
villarreal,Fran Escribá,http://files.laliga.es/jugadores/201609/250x250_15094543fran-escriba.jpg,c83e6a3d-59e8-4e70-a87d-61630aad48e3
villarreal,S. Asenjo,http://files.laliga.es/jugadores/201608/250x250_10163304asenjo.jpg,4afdb992-28f4-4e7d-88f9-b0e9af8c6052
villarreal,Andrés Fernández,http://files.laliga.es/jugadores/201608/250x250_30090514andres-fernandez.jpg,b3bbfd81-804d-4467-8fd7-090d83535579
villarreal,Barbosa,http://files.laliga.es/jugadores/201608/250x250_10164257barbosa.jpg,3226ff9a-65ff-4a6a-b2fd-efbf7b90edd2
villarreal,Mario,http://files.laliga.es/jugadores/201608/250x250_10163357mario.jpg,aec2ac0d-37b9-467f-8b5b-7720c4269a96
villarreal,José Ángel,http://files.laliga.es/jugadores/201608/250x250_10164349jose-angel.jpg,3fa1d9ce-fd86-4d3e-bbf2-5208b8e446e4
villarreal,Víctor Ruiz,http://files.laliga.es/jugadores/201608/250x250_10164411victor-ruiz.jpg,a612f7d0-c7cd-4928-9903-d08199868262
villarreal,J. Costa,http://files.laliga.es/jugadores/201608/250x250_10163437jaume-costa.jpg,408bfd7f-91d7-4b49-95fb-eb61679a4726
villarreal,Jokić,http://files.laliga.es/jugadores/201609/250x250_02174518jokic.jpg,41f4cf33-c330-4d10-bfa8-702cd84e8847
villarreal,Rukavina,http://files.laliga.es/jugadores/201608/250x250_10164321rukavina.jpg,af5f6f71-09d2-45fc-a30e-30ce21091449
villarreal,Bonera,http://files.laliga.es/jugadores/201608/250x250_10164649bonera.jpg,d8e46a4a-8abc-422f-b336-e9d41774ee9c
villarreal,N'Diaye,http://files.laliga.es/jugadores/201608/250x250_10164456n-diaye.jpg,3e4d31b2-8eac-41ca-bcd2-8705a2da269f
villarreal,Chéryshev,http://files.laliga.es/jugadores/201608/250x250_10164815cheryshev.jpg,3eb7dbbe-3144-4de8-9318-6929feb63e32
villarreal,J. Dos Santos,http://files.laliga.es/jugadores/201608/250x250_10163241dos-santos.jpg,86949d53-8ff9-41bf-b945-3ded40c6c113
villarreal,M. Trigueros,http://files.laliga.es/jugadores/201608/250x250_10164122trigueros.jpg,2d8957df-0b7e-4783-95c1-08b5afeaf6b4
villarreal,Rodrigo,http://files.laliga.es/jugadores/201609/250x250_07125806rodri.jpg,26731475-bbf3-481d-922b-596a63ddd9cd
villarreal,Roberto Soriano,http://files.laliga.es/jugadores/201608/250x250_30090515roberto-soriano.jpg,eadccce7-a9d8-44b1-9a1d-f06240642839
villarreal,Bruno,http://files.laliga.es/jugadores/201608/250x250_20173513bruno.jpg,110e5e5c-dd8d-40e2-aebd-ef315f291eab
villarreal,Soldado,http://files.laliga.es/jugadores/201608/250x250_10164551soldado.jpg,711a0229-18cd-40f2-acdb-62155fd362a1
villarreal,Pato,http://files.laliga.es/jugadores/201608/250x250_10164714pato.jpg,20b90bea-c0d3-47f5-b08e-487bdfb0e534
villarreal,Bakambu,http://files.laliga.es/jugadores/201608/250x250_10164617bakambu.jpg,693e38da-b167-4d34-a3ea-65d1cb628730
villarreal,Samu Castillejo,http://files.laliga.es/jugadores/201608/250x250_10164522samu-castillejo.jpg,8a036d62-24bf-42c7-9d0b-514dfaf2c5b6
